"outcome","model","scale","reference","transition_group","transition_group_label","n_model","events_model","estimate","ci_lower","ci_upper","p_value","estimate_ci","p_text","subgroup_variable","subgroup_level","interaction_p","interaction_p_text"
"incident_cvd_2015_2018","subgroup_sex_male","RR","Persistent non-hypertension","incident_hypertension","Incident hypertension",3152,185,1.4869029794691,0.95707151659235,2.31004729743282,0.0775971811480859,"1.49 (0.96-2.31)","0.078","sex","male",0.383050952842785,"0.383"
"incident_cvd_2015_2018","subgroup_sex_male","RR","Persistent non-hypertension","persistent_unaware_or_untreated","Persistent unawareness/no treatment",3152,185,1.39648899281616,0.831558655309213,2.34521220434116,0.20672350560995,"1.40 (0.83-2.35)","0.207","sex","male",0.383050952842785,"0.383"
"incident_cvd_2015_2018","subgroup_sex_male","RR","Persistent non-hypertension","new_awareness_or_treatment_uncontrolled","New awareness/treatment without control",3152,185,2.33921673485875,1.03834776406709,5.26984804321269,0.0402852448895263,"2.34 (1.04-5.27)","0.040","sex","male",0.383050952842785,"0.383"
"incident_cvd_2015_2018","subgroup_sex_male","RR","Persistent non-hypertension","persistent_aware_or_treated_uncontrolled","Persistent awareness or treatment but uncontrolled",3152,185,2.8839915717459,1.84031874920263,4.51954716513383,3.8164207467503e-06,"2.88 (1.84-4.52)","<0.001","sex","male",0.383050952842785,"0.383"
"incident_cvd_2015_2018","subgroup_sex_male","RR","Persistent non-hypertension","gained_control","Gained control",3152,185,1.65482946195003,0.798370056432193,3.43006419902025,0.175586247591231,"1.65 (0.80-3.43)","0.176","sex","male",0.383050952842785,"0.383"
"incident_cvd_2015_2018","subgroup_sex_male","RR","Persistent non-hypertension","persistent_controlled","Persistent control",3152,185,0.300444805979941,0.0427968570184506,2.10919884610705,0.226508264466842,"0.30 (0.04-2.11)","0.227","sex","male",0.383050952842785,"0.383"
"incident_cvd_2015_2018","subgroup_sex_male","RR","Persistent non-hypertension","control_loss","Loss of control",3152,185,1.63287441281654,0.770933785891629,3.45850564189147,0.200340461797092,"1.63 (0.77-3.46)","0.200","sex","male",0.383050952842785,"0.383"
"incident_cvd_2015_2018","subgroup_sex_male","RR","Persistent non-hypertension","other_transition","Other transitions",3152,185,1.24065414787176,0.701794316264463,2.1932675699405,0.458199249506236,"1.24 (0.70-2.19)","0.458","sex","male",0.383050952842785,"0.383"
"incident_cvd_2015_2018","subgroup_sex_female","RR","Persistent non-hypertension","incident_hypertension","Incident hypertension",3555,270,1.58031623873769,1.1080189886218,2.25393196331807,0.0115290430367937,"1.58 (1.11-2.25)","0.012","sex","female",0.383050952842785,"0.383"
"incident_cvd_2015_2018","subgroup_sex_female","RR","Persistent non-hypertension","persistent_unaware_or_untreated","Persistent unawareness/no treatment",3555,270,1.26469183750829,0.831676720574193,1.92315764562441,0.272154319042957,"1.26 (0.83-1.92)","0.272","sex","female",0.383050952842785,"0.383"
"incident_cvd_2015_2018","subgroup_sex_female","RR","Persistent non-hypertension","new_awareness_or_treatment_uncontrolled","New awareness/treatment without control",3555,270,1.79527853988223,0.984763227021195,3.27289336900908,0.0561478412893964,"1.80 (0.98-3.27)","0.056","sex","female",0.383050952842785,"0.383"
"incident_cvd_2015_2018","subgroup_sex_female","RR","Persistent non-hypertension","persistent_aware_or_treated_uncontrolled","Persistent awareness or treatment but uncontrolled",3555,270,2.11089361502485,1.47127602301172,3.02857640868195,4.98031546548657e-05,"2.11 (1.47-3.03)","<0.001","sex","female",0.383050952842785,"0.383"
"incident_cvd_2015_2018","subgroup_sex_female","RR","Persistent non-hypertension","gained_control","Gained control",3555,270,1.6768966703211,0.981368498878958,2.86536856048077,0.0585982670660798,"1.68 (0.98-2.87)","0.059","sex","female",0.383050952842785,"0.383"
"incident_cvd_2015_2018","subgroup_sex_female","RR","Persistent non-hypertension","persistent_controlled","Persistent control",3555,270,2.12231598260071,1.29130074878748,3.48813019293284,0.00299271022090361,"2.12 (1.29-3.49)","0.003","sex","female",0.383050952842785,"0.383"
"incident_cvd_2015_2018","subgroup_sex_female","RR","Persistent non-hypertension","control_loss","Loss of control",3555,270,1.45262888507636,0.736959848975219,2.86329123722606,0.28084471390495,"1.45 (0.74-2.86)","0.281","sex","female",0.383050952842785,"0.383"
"incident_cvd_2015_2018","subgroup_sex_female","RR","Persistent non-hypertension","other_transition","Other transitions",3555,270,1.15718789859973,0.697335683793646,1.92028583046369,0.572095148138109,"1.16 (0.70-1.92)","0.572","sex","female",0.383050952842785,"0.383"
"incident_cvd_2015_2018","subgroup_age_group_45-59","RR","Persistent non-hypertension","incident_hypertension","Incident hypertension",3998,236,1.623513802244,1.1165945463456,2.36056774117627,0.0111654224494534,"1.62 (1.12-2.36)","0.011","age_group","45-59",0.969245504588053,"0.969"
"incident_cvd_2015_2018","subgroup_age_group_45-59","RR","Persistent non-hypertension","persistent_unaware_or_untreated","Persistent unawareness/no treatment",3998,236,1.24094304558194,0.757723019182428,2.03232527373888,0.39106122506349,"1.24 (0.76-2.03)","0.391","age_group","45-59",0.969245504588053,"0.969"
"incident_cvd_2015_2018","subgroup_age_group_45-59","RR","Persistent non-hypertension","new_awareness_or_treatment_uncontrolled","New awareness/treatment without control",3998,236,2.45344961345044,1.30145038279199,4.62515904204254,0.00552829699853054,"2.45 (1.30-4.63)","0.006","age_group","45-59",0.969245504588053,"0.969"
"incident_cvd_2015_2018","subgroup_age_group_45-59","RR","Persistent non-hypertension","persistent_aware_or_treated_uncontrolled","Persistent awareness or treatment but uncontrolled",3998,236,2.36097243197861,1.55302675072835,3.58924327732848,5.82361255133284e-05,"2.36 (1.55-3.59)","<0.001","age_group","45-59",0.969245504588053,"0.969"
"incident_cvd_2015_2018","subgroup_age_group_45-59","RR","Persistent non-hypertension","gained_control","Gained control",3998,236,1.59571169364416,0.9164211883289,2.77852131930288,0.0986267505209812,"1.60 (0.92-2.78)","0.099","age_group","45-59",0.969245504588053,"0.969"
"incident_cvd_2015_2018","subgroup_age_group_45-59","RR","Persistent non-hypertension","persistent_controlled","Persistent control",3998,236,1.21388659508927,0.551824651933917,2.67026973255606,0.629881920919664,"1.21 (0.55-2.67)","0.630","age_group","45-59",0.969245504588053,"0.969"
"incident_cvd_2015_2018","subgroup_age_group_45-59","RR","Persistent non-hypertension","control_loss","Loss of control",3998,236,1.62231407644549,0.84196556288354,3.12590333697202,0.148192015281658,"1.62 (0.84-3.13)","0.148","age_group","45-59",0.969245504588053,"0.969"
"incident_cvd_2015_2018","subgroup_age_group_45-59","RR","Persistent non-hypertension","other_transition","Other transitions",3998,236,1.11174491829642,0.621169367938725,1.98975807107062,0.72132209246215,"1.11 (0.62-1.99)","0.721","age_group","45-59",0.969245504588053,"0.969"
"incident_cvd_2015_2018","subgroup_age_group_>=60","RR","Persistent non-hypertension","incident_hypertension","Incident hypertension",2709,219,1.346709954873,0.886409807802083,2.04603749483668,0.163032357608393,"1.35 (0.89-2.05)","0.163","age_group",">=60",0.969245504588053,"0.969"
"incident_cvd_2015_2018","subgroup_age_group_>=60","RR","Persistent non-hypertension","persistent_unaware_or_untreated","Persistent unawareness/no treatment",2709,219,1.33158502863196,0.875507121217047,2.02524759137533,0.180715864521682,"1.33 (0.88-2.03)","0.181","age_group",">=60",0.969245504588053,"0.969"
"incident_cvd_2015_2018","subgroup_age_group_>=60","RR","Persistent non-hypertension","new_awareness_or_treatment_uncontrolled","New awareness/treatment without control",2709,219,1.50869770760302,0.743393207220514,3.06186383036375,0.254770458305617,"1.51 (0.74-3.06)","0.255","age_group",">=60",0.969245504588053,"0.969"
"incident_cvd_2015_2018","subgroup_age_group_>=60","RR","Persistent non-hypertension","persistent_aware_or_treated_uncontrolled","Persistent awareness or treatment but uncontrolled",2709,219,2.42786678199972,1.65063319629077,3.57107631446141,6.61521025243433e-06,"2.43 (1.65-3.57)","<0.001","age_group",">=60",0.969245504588053,"0.969"
"incident_cvd_2015_2018","subgroup_age_group_>=60","RR","Persistent non-hypertension","gained_control","Gained control",2709,219,1.70748709708244,0.925399264684806,3.15054517327293,0.0869104216766981,"1.71 (0.93-3.15)","0.087","age_group",">=60",0.969245504588053,"0.969"
"incident_cvd_2015_2018","subgroup_age_group_>=60","RR","Persistent non-hypertension","persistent_controlled","Persistent control",2709,219,1.67027215903166,0.908490292020686,3.0708188185821,0.0987169134326485,"1.67 (0.91-3.07)","0.099","age_group",">=60",0.969245504588053,"0.969"
"incident_cvd_2015_2018","subgroup_age_group_>=60","RR","Persistent non-hypertension","control_loss","Loss of control",2709,219,1.20240778687944,0.556053915637484,2.60007967804848,0.639460159349964,"1.20 (0.56-2.60)","0.639","age_group",">=60",0.969245504588053,"0.969"
"incident_cvd_2015_2018","subgroup_age_group_>=60","RR","Persistent non-hypertension","other_transition","Other transitions",2709,219,1.25108488620528,0.745668419123367,2.09907426994346,0.396186021598957,"1.25 (0.75-2.10)","0.396","age_group",">=60",0.969245504588053,"0.969"
