"outcome","model","scale","reference","transition_group","transition_group_label","n_model","events_model","estimate","ci_lower","ci_upper","p_value","estimate_ci","p_text","subgroup_variable","subgroup_level","interaction_p"
"incident_cvd_2015_2018","subgroup_sex_male","OR","Persistent non-hypertensive","incident_hypertension","Incident hypertension",3152,185,1.52231003711382,0.980304354357624,2.36398812144016,0.0612877581278345,"1.52 (0.98-2.36)","0.061","sex","male",0.329671770770912
"incident_cvd_2015_2018","subgroup_sex_male","OR","Persistent non-hypertensive","persistent_unaware_or_untreated","Persistent unaware/untreated hypertension",3152,185,1.42191746199815,0.853722228464091,2.36827530234596,0.17624878438511,"1.42 (0.85-2.37)","0.176","sex","male",0.329671770770912
"incident_cvd_2015_2018","subgroup_sex_male","OR","Persistent non-hypertensive","new_awareness_or_treatment_uncontrolled","New awareness/treatment but uncontrolled",3152,185,2.5131570956457,1.09294677503846,5.77883455227913,0.0300668671263552,"2.51 (1.09-5.78)","0.030","sex","male",0.329671770770912
"incident_cvd_2015_2018","subgroup_sex_male","OR","Persistent non-hypertensive","persistent_aware_or_treated_uncontrolled","Persistent aware/treated but uncontrolled",3152,185,3.20999877523791,1.93228145342236,5.33260417046324,6.68107530923745e-06,"3.21 (1.93-5.33)","<0.001","sex","male",0.329671770770912
"incident_cvd_2015_2018","subgroup_sex_male","OR","Persistent non-hypertensive","gained_control","Gained control",3152,185,1.71450914064523,0.836983784864578,3.51206516364191,0.140588077705416,"1.71 (0.84-3.51)","0.141","sex","male",0.329671770770912
"incident_cvd_2015_2018","subgroup_sex_male","OR","Persistent non-hypertensive","persistent_controlled","Persistent controlled",3152,185,0.286683853063247,0.0388961729807299,2.11300046531331,0.220225082736287,"0.29 (0.04-2.11)","0.220","sex","male",0.329671770770912
"incident_cvd_2015_2018","subgroup_sex_male","OR","Persistent non-hypertensive","control_loss","Control loss",3152,185,1.68358200559804,0.729720294784812,3.88429428348208,0.221980583593168,"1.68 (0.73-3.88)","0.222","sex","male",0.329671770770912
"incident_cvd_2015_2018","subgroup_sex_male","OR","Persistent non-hypertensive","other_transition","Other transitions",3152,185,1.25396030571881,0.662553841393253,2.37326591452833,0.486879544397745,"1.25 (0.66-2.37)","0.487","sex","male",0.329671770770912
"incident_cvd_2015_2018","subgroup_sex_female","OR","Persistent non-hypertensive","incident_hypertension","Incident hypertension",3555,270,1.63624394788179,1.11077896275683,2.41028534636183,0.0127160187981924,"1.64 (1.11-2.41)","0.013","sex","female",0.329671770770912
"incident_cvd_2015_2018","subgroup_sex_female","OR","Persistent non-hypertensive","persistent_unaware_or_untreated","Persistent unaware/untreated hypertension",3555,270,1.28017146216849,0.795491981195599,2.06015775305174,0.30892217597816,"1.28 (0.80-2.06)","0.309","sex","female",0.329671770770912
"incident_cvd_2015_2018","subgroup_sex_female","OR","Persistent non-hypertensive","new_awareness_or_treatment_uncontrolled","New awareness/treatment but uncontrolled",3555,270,1.88702541263654,0.967316647206731,3.68117815217862,0.0625278109013556,"1.89 (0.97-3.68)","0.063","sex","female",0.329671770770912
"incident_cvd_2015_2018","subgroup_sex_female","OR","Persistent non-hypertensive","persistent_aware_or_treated_uncontrolled","Persistent aware/treated but uncontrolled",3555,270,2.29159275947672,1.48675375672169,3.53212315862279,0.000172199876919005,"2.29 (1.49-3.53)","<0.001","sex","female",0.329671770770912
"incident_cvd_2015_2018","subgroup_sex_female","OR","Persistent non-hypertensive","gained_control","Gained control",3555,270,1.7575397641129,1.01883567450256,3.03183928453054,0.0426544439686831,"1.76 (1.02-3.03)","0.043","sex","female",0.329671770770912
"incident_cvd_2015_2018","subgroup_sex_female","OR","Persistent non-hypertensive","persistent_controlled","Persistent controlled",3555,270,2.30064725581915,1.24038859966318,4.26719319828112,0.00820578719210114,"2.30 (1.24-4.27)","0.008","sex","female",0.329671770770912
"incident_cvd_2015_2018","subgroup_sex_female","OR","Persistent non-hypertensive","control_loss","Control loss",3555,270,1.4855303263197,0.739205843109853,2.98536648618935,0.266389803194536,"1.49 (0.74-2.99)","0.266","sex","female",0.329671770770912
"incident_cvd_2015_2018","subgroup_sex_female","OR","Persistent non-hypertensive","other_transition","Other transitions",3555,270,1.16345787461724,0.67759623632858,1.99770033160643,0.583071930226448,"1.16 (0.68-2.00)","0.583","sex","female",0.329671770770912
"incident_cvd_2015_2018","subgroup_age_group_45-59","OR","Persistent non-hypertensive","incident_hypertension","Incident hypertension",3998,236,1.67749068253681,1.13951013236217,2.46946026198514,0.00874305519621924,"1.68 (1.14-2.47)","0.009","age_group","45-59",0.962977333521679
"incident_cvd_2015_2018","subgroup_age_group_45-59","OR","Persistent non-hypertensive","persistent_unaware_or_untreated","Persistent unaware/untreated hypertension",3998,236,1.252545281056,0.742005018959728,2.11436532234671,0.399257379930324,"1.25 (0.74-2.11)","0.399","age_group","45-59",0.962977333521679
"incident_cvd_2015_2018","subgroup_age_group_45-59","OR","Persistent non-hypertensive","new_awareness_or_treatment_uncontrolled","New awareness/treatment but uncontrolled",3998,236,2.66000921509659,1.32033700762459,5.35897197725944,0.00618908055069229,"2.66 (1.32-5.36)","0.006","age_group","45-59",0.962977333521679
"incident_cvd_2015_2018","subgroup_age_group_45-59","OR","Persistent non-hypertensive","persistent_aware_or_treated_uncontrolled","Persistent aware/treated but uncontrolled",3998,236,2.5639162703313,1.57534152790419,4.17285174346611,0.000151347899823306,"2.56 (1.58-4.17)","<0.001","age_group","45-59",0.962977333521679
"incident_cvd_2015_2018","subgroup_age_group_45-59","OR","Persistent non-hypertensive","gained_control","Gained control",3998,236,1.65768232996818,0.883071580043014,3.11176440187883,0.115720029175325,"1.66 (0.88-3.11)","0.116","age_group","45-59",0.962977333521679
"incident_cvd_2015_2018","subgroup_age_group_45-59","OR","Persistent non-hypertensive","persistent_controlled","Persistent controlled",3998,236,1.21626289470205,0.506089428448802,2.92299215489079,0.661646468727928,"1.22 (0.51-2.92)","0.662","age_group","45-59",0.962977333521679
"incident_cvd_2015_2018","subgroup_age_group_45-59","OR","Persistent non-hypertensive","control_loss","Control loss",3998,236,1.6783665152033,0.820133384186792,3.43470246873172,0.156400348739583,"1.68 (0.82-3.43)","0.156","age_group","45-59",0.962977333521679
"incident_cvd_2015_2018","subgroup_age_group_45-59","OR","Persistent non-hypertensive","other_transition","Other transitions",3998,236,1.1145099993234,0.599661568619044,2.07138926953803,0.731719729021104,"1.11 (0.60-2.07)","0.732","age_group","45-59",0.962977333521679
"incident_cvd_2015_2018","subgroup_age_group_>=60","OR","Persistent non-hypertensive","incident_hypertension","Incident hypertension",2709,219,1.37756288760412,0.886398964346532,2.14088642432383,0.154464967318969,"1.38 (0.89-2.14)","0.154","age_group",">=60",0.962977333521679
"incident_cvd_2015_2018","subgroup_age_group_>=60","OR","Persistent non-hypertensive","persistent_unaware_or_untreated","Persistent unaware/untreated hypertension",2709,219,1.35955233296659,0.848989419042511,2.17715616309976,0.201054424045384,"1.36 (0.85-2.18)","0.201","age_group",">=60",0.962977333521679
"incident_cvd_2015_2018","subgroup_age_group_>=60","OR","Persistent non-hypertensive","new_awareness_or_treatment_uncontrolled","New awareness/treatment but uncontrolled",2709,219,1.56045917414404,0.715815469201436,3.40176056391574,0.263080036538482,"1.56 (0.72-3.40)","0.263","age_group",">=60",0.962977333521679
"incident_cvd_2015_2018","subgroup_age_group_>=60","OR","Persistent non-hypertensive","persistent_aware_or_treated_uncontrolled","Persistent aware/treated but uncontrolled",2709,219,2.70718560918069,1.72063794147996,4.25938179431944,1.65503242540856e-05,"2.71 (1.72-4.26)","<0.001","age_group",">=60",0.962977333521679
"incident_cvd_2015_2018","subgroup_age_group_>=60","OR","Persistent non-hypertensive","gained_control","Gained control",2709,219,1.79031171026855,0.981509824250101,3.2655974914704,0.0575460483190664,"1.79 (0.98-3.27)","0.058","age_group",">=60",0.962977333521679
"incident_cvd_2015_2018","subgroup_age_group_>=60","OR","Persistent non-hypertensive","persistent_controlled","Persistent controlled",2709,219,1.74892470516191,0.827386837332284,3.69686522230384,0.143244494554276,"1.75 (0.83-3.70)","0.143","age_group",">=60",0.962977333521679
"incident_cvd_2015_2018","subgroup_age_group_>=60","OR","Persistent non-hypertensive","control_loss","Control loss",2709,219,1.21382139280223,0.533096187174574,2.76378336418652,0.644386284175215,"1.21 (0.53-2.76)","0.644","age_group",">=60",0.962977333521679
"incident_cvd_2015_2018","subgroup_age_group_>=60","OR","Persistent non-hypertensive","other_transition","Other transitions",2709,219,1.27134038069212,0.726717570679937,2.22411900962587,0.40016916320954,"1.27 (0.73-2.22)","0.400","age_group",">=60",0.962977333521679
