"variable","group","value"
"N","Persistent non-hypertensive","3616"
"age_2011","Persistent non-hypertensive","56.5 +/- 8.1"
"bmi_2011","Persistent non-hypertensive","22.7 +/- 3.5"
"sbp_2011","Persistent non-hypertensive","116.5 +/- 11.1"
"dbp_2011","Persistent non-hypertensive","69.6 +/- 8.7"
"sbp_2015","Persistent non-hypertensive","116.9 +/- 11.7"
"dbp_2015","Persistent non-hypertensive","69.8 +/- 8.2"
"current_smoking","Persistent non-hypertensive","1400 (38.7)"
"alcohol_last_year","Persistent non-hypertensive","1243 (34.4)"
"diabetes","Persistent non-hypertensive","91 (2.5)"
"dyslipidemia","Persistent non-hypertensive","144 (4.1)"
"sex: male","Persistent non-hypertensive","1701 (47.0)"
"sex: female","Persistent non-hypertensive","1911 (52.8)"
"hukou: agricultural","Persistent non-hypertensive","3155 (87.3)"
"hukou: non_agricultural","Persistent non-hypertensive","445 (12.3)"
"hukou: other","Persistent non-hypertensive","16 (0.4)"
"education: no_formal","Persistent non-hypertensive","920 (25.4)"
"education: primary_or_below","Persistent non-hypertensive","1514 (41.9)"
"education: middle_school","Persistent non-hypertensive","806 (22.3)"
"education: high_school_plus","Persistent non-hypertensive","376 (10.4)"
"marital: married_partnered","Persistent non-hypertensive","3325 (92.0)"
"marital: not_married_partnered","Persistent non-hypertensive","291 (8.0)"
"N","Incident hypertension","940"
"age_2011","Incident hypertension","58.7 +/- 8.6"
"bmi_2011","Incident hypertension","23.3 +/- 3.4"
"sbp_2011","Incident hypertension","124.8 +/- 10.7"
"dbp_2011","Incident hypertension","73.9 +/- 8.5"
"sbp_2015","Incident hypertension","139.6 +/- 17.4"
"dbp_2015","Incident hypertension","81.6 +/- 11.5"
"current_smoking","Incident hypertension","395 (42.0)"
"alcohol_last_year","Incident hypertension","368 (39.1)"
"diabetes","Incident hypertension","39 (4.2)"
"dyslipidemia","Incident hypertension","37 (4.0)"
"sex: male","Incident hypertension","488 (51.9)"
"sex: female","Incident hypertension","451 (48.0)"
"hukou: agricultural","Incident hypertension","806 (85.7)"
"hukou: non_agricultural","Incident hypertension","129 (13.7)"
"hukou: other","Incident hypertension","5 (0.5)"
"education: no_formal","Incident hypertension","280 (29.8)"
"education: primary_or_below","Incident hypertension","394 (41.9)"
"education: middle_school","Incident hypertension","195 (20.7)"
"education: high_school_plus","Incident hypertension","71 (7.6)"
"marital: married_partnered","Incident hypertension","837 (89.0)"
"marital: not_married_partnered","Incident hypertension","103 (11.0)"
"N","Persistent unaware/untreated hypertension","657"
"age_2011","Persistent unaware/untreated hypertension","60.5 +/- 9.1"
"bmi_2011","Persistent unaware/untreated hypertension","23.7 +/- 3.7"
"sbp_2011","Persistent unaware/untreated hypertension","150.3 +/- 16.7"
"dbp_2011","Persistent unaware/untreated hypertension","85.1 +/- 10.5"
"sbp_2015","Persistent unaware/untreated hypertension","148.9 +/- 18.2"
"dbp_2015","Persistent unaware/untreated hypertension","84.4 +/- 11.8"
"current_smoking","Persistent unaware/untreated hypertension","280 (42.6)"
"alcohol_last_year","Persistent unaware/untreated hypertension","261 (39.7)"
"diabetes","Persistent unaware/untreated hypertension","20 (3.1)"
"dyslipidemia","Persistent unaware/untreated hypertension","30 (4.6)"
"sex: male","Persistent unaware/untreated hypertension","333 (50.7)"
"sex: female","Persistent unaware/untreated hypertension","323 (49.2)"
"hukou: agricultural","Persistent unaware/untreated hypertension","565 (86.0)"
"hukou: non_agricultural","Persistent unaware/untreated hypertension","86 (13.1)"
"hukou: other","Persistent unaware/untreated hypertension","5 (0.8)"
"education: no_formal","Persistent unaware/untreated hypertension","216 (32.9)"
"education: primary_or_below","Persistent unaware/untreated hypertension","269 (40.9)"
"education: middle_school","Persistent unaware/untreated hypertension","116 (17.7)"
"education: high_school_plus","Persistent unaware/untreated hypertension","56 (8.5)"
"marital: married_partnered","Persistent unaware/untreated hypertension","554 (84.3)"
"marital: not_married_partnered","Persistent unaware/untreated hypertension","103 (15.7)"
"N","New awareness/treatment but uncontrolled","170"
"age_2011","New awareness/treatment but uncontrolled","60.9 +/- 9.3"
"bmi_2011","New awareness/treatment but uncontrolled","24.0 +/- 3.5"
"sbp_2011","New awareness/treatment but uncontrolled","160.9 +/- 17.1"
"dbp_2011","New awareness/treatment but uncontrolled","89.5 +/- 12.2"
"sbp_2015","New awareness/treatment but uncontrolled","157.3 +/- 14.8"
"dbp_2015","New awareness/treatment but uncontrolled","87.6 +/- 10.9"
"current_smoking","New awareness/treatment but uncontrolled","62 (36.5)"
"alcohol_last_year","New awareness/treatment but uncontrolled","51 (30.0)"
"diabetes","New awareness/treatment but uncontrolled","1 (0.6)"
"dyslipidemia","New awareness/treatment but uncontrolled","7 (4.2)"
"sex: male","New awareness/treatment but uncontrolled","64 (37.6)"
"sex: female","New awareness/treatment but uncontrolled","106 (62.4)"
"hukou: agricultural","New awareness/treatment but uncontrolled","156 (91.8)"
"hukou: non_agricultural","New awareness/treatment but uncontrolled","12 (7.1)"
"hukou: other","New awareness/treatment but uncontrolled","2 (1.2)"
"education: no_formal","New awareness/treatment but uncontrolled","63 (37.1)"
"education: primary_or_below","New awareness/treatment but uncontrolled","64 (37.6)"
"education: middle_school","New awareness/treatment but uncontrolled","30 (17.6)"
"education: high_school_plus","New awareness/treatment but uncontrolled","13 (7.6)"
"marital: married_partnered","New awareness/treatment but uncontrolled","142 (83.5)"
"marital: not_married_partnered","New awareness/treatment but uncontrolled","28 (16.5)"
"N","Persistent aware/treated but uncontrolled","456"
"age_2011","Persistent aware/treated but uncontrolled","60.9 +/- 8.8"
"bmi_2011","Persistent aware/treated but uncontrolled","25.4 +/- 4.2"
"sbp_2011","Persistent aware/treated but uncontrolled","159.4 +/- 17.4"
"dbp_2011","Persistent aware/treated but uncontrolled","88.2 +/- 11.7"
"sbp_2015","Persistent aware/treated but uncontrolled","155.8 +/- 18.2"
"dbp_2015","Persistent aware/treated but uncontrolled","86.4 +/- 11.9"
"current_smoking","Persistent aware/treated but uncontrolled","172 (37.7)"
"alcohol_last_year","Persistent aware/treated but uncontrolled","132 (28.9)"
"diabetes","Persistent aware/treated but uncontrolled","50 (11.2)"
"dyslipidemia","Persistent aware/treated but uncontrolled","63 (14.5)"
"sex: male","Persistent aware/treated but uncontrolled","192 (42.1)"
"sex: female","Persistent aware/treated but uncontrolled","264 (57.9)"
"hukou: agricultural","Persistent aware/treated but uncontrolled","392 (86.0)"
"hukou: non_agricultural","Persistent aware/treated but uncontrolled","57 (12.5)"
"hukou: other","Persistent aware/treated but uncontrolled","7 (1.5)"
"education: no_formal","Persistent aware/treated but uncontrolled","154 (33.8)"
"education: primary_or_below","Persistent aware/treated but uncontrolled","183 (40.1)"
"education: middle_school","Persistent aware/treated but uncontrolled","80 (17.5)"
"education: high_school_plus","Persistent aware/treated but uncontrolled","39 (8.6)"
"marital: married_partnered","Persistent aware/treated but uncontrolled","394 (86.4)"
"marital: not_married_partnered","Persistent aware/treated but uncontrolled","62 (13.6)"
"N","Gained control","298"
"age_2011","Gained control","60.4 +/- 9.4"
"bmi_2011","Gained control","25.1 +/- 4.6"
"sbp_2011","Gained control","152.4 +/- 19.5"
"dbp_2011","Gained control","86.2 +/- 11.7"
"sbp_2015","Gained control","127.3 +/- 9.4"
"dbp_2015","Gained control","74.7 +/- 8.5"
"current_smoking","Gained control","109 (36.6)"
"alcohol_last_year","Gained control","95 (31.9)"
"diabetes","Gained control","20 (6.8)"
"dyslipidemia","Gained control","46 (15.8)"
"sex: male","Gained control","125 (41.9)"
"sex: female","Gained control","173 (58.1)"
"hukou: agricultural","Gained control","261 (87.6)"
"hukou: non_agricultural","Gained control","37 (12.4)"
"hukou: other","Gained control","0 (0.0)"
"education: no_formal","Gained control","88 (29.5)"
"education: primary_or_below","Gained control","140 (47.0)"
"education: middle_school","Gained control","52 (17.4)"
"education: high_school_plus","Gained control","18 (6.0)"
"marital: married_partnered","Gained control","258 (86.6)"
"marital: not_married_partnered","Gained control","40 (13.4)"
"N","Persistent controlled","170"
"age_2011","Persistent controlled","60.3 +/- 8.3"
"bmi_2011","Persistent controlled","25.5 +/- 3.4"
"sbp_2011","Persistent controlled","124.8 +/- 10.3"
"dbp_2011","Persistent controlled","74.1 +/- 9.0"
"sbp_2015","Persistent controlled","124.0 +/- 9.1"
"dbp_2015","Persistent controlled","72.5 +/- 7.9"
"current_smoking","Persistent controlled","60 (35.3)"
"alcohol_last_year","Persistent controlled","46 (27.1)"
"diabetes","Persistent controlled","12 (7.1)"
"dyslipidemia","Persistent controlled","31 (18.6)"
"sex: male","Persistent controlled","69 (40.6)"
"sex: female","Persistent controlled","101 (59.4)"
"hukou: agricultural","Persistent controlled","131 (77.1)"
"hukou: non_agricultural","Persistent controlled","38 (22.4)"
"hukou: other","Persistent controlled","1 (0.6)"
"education: no_formal","Persistent controlled","44 (25.9)"
"education: primary_or_below","Persistent controlled","80 (47.1)"
"education: middle_school","Persistent controlled","30 (17.6)"
"education: high_school_plus","Persistent controlled","16 (9.4)"
"marital: married_partnered","Persistent controlled","159 (93.5)"
"marital: not_married_partnered","Persistent controlled","11 (6.5)"
"N","Control loss","194"
"age_2011","Control loss","59.7 +/- 7.7"
"bmi_2011","Control loss","25.3 +/- 4.3"
"sbp_2011","Control loss","127.5 +/- 8.7"
"dbp_2011","Control loss","74.9 +/- 8.3"
"sbp_2015","Control loss","147.3 +/- 17.6"
"dbp_2015","Control loss","83.8 +/- 10.8"
"current_smoking","Control loss","67 (34.5)"
"alcohol_last_year","Control loss","60 (30.9)"
"diabetes","Control loss","20 (10.4)"
"dyslipidemia","Control loss","43 (22.3)"
"sex: male","Control loss","88 (45.4)"
"sex: female","Control loss","106 (54.6)"
"hukou: agricultural","Control loss","156 (80.4)"
"hukou: non_agricultural","Control loss","35 (18.0)"
"hukou: other","Control loss","3 (1.5)"
"education: no_formal","Control loss","51 (26.3)"
"education: primary_or_below","Control loss","82 (42.3)"
"education: middle_school","Control loss","46 (23.7)"
"education: high_school_plus","Control loss","15 (7.7)"
"marital: married_partnered","Control loss","172 (88.7)"
"marital: not_married_partnered","Control loss","22 (11.3)"
"N","Other transitions","474"
"age_2011","Other transitions","60.4 +/- 9.5"
"bmi_2011","Other transitions","23.2 +/- 4.0"
"sbp_2011","Other transitions","144.5 +/- 14.9"
"dbp_2011","Other transitions","82.9 +/- 10.3"
"sbp_2015","Other transitions","125.0 +/- 10.8"
"dbp_2015","Other transitions","73.6 +/- 8.2"
"current_smoking","Other transitions","178 (37.6)"
"alcohol_last_year","Other transitions","153 (32.3)"
"diabetes","Other transitions","18 (3.8)"
"dyslipidemia","Other transitions","32 (6.9)"
"sex: male","Other transitions","218 (46.0)"
"sex: female","Other transitions","255 (53.8)"
"hukou: agricultural","Other transitions","416 (87.8)"
"hukou: non_agricultural","Other transitions","58 (12.2)"
"hukou: other","Other transitions","0 (0.0)"
"education: no_formal","Other transitions","155 (32.7)"
"education: primary_or_below","Other transitions","194 (40.9)"
"education: middle_school","Other transitions","92 (19.4)"
"education: high_school_plus","Other transitions","33 (7.0)"
"marital: married_partnered","Other transitions","395 (83.3)"
"marital: not_married_partnered","Other transitions","79 (16.7)"
